[
  {
    "id": "fa86f88c-8298-453d-aad8-bd0d876d6159",
    "data": [
      {
        "text": "book a table ",
        "userDefined": false
      },
      {
        "text": "next week",
        "meta": "@sys.date-period",
        "alias": "date-period",
        "userDefined": false
      }
    ],
    "isTemplate": false,
    "count": 0,
    "lang": "en",
    "updated": 0
  },
  {
    "id": "c3ed8970-d798-4a19-8f76-43fab1fe9b33",
    "data": [
      {
        "text": "please book a table",
        "userDefined": false
      }
    ],
    "isTemplate": false,
    "count": 1,
    "lang": "en",
    "updated": 0
  },
  {
    "id": "d5ab54b9-ee68-432c-adaf-b2386b6e21a6",
    "data": [
      {
        "text": "reserve a table",
        "userDefined": false
      }
    ],
    "isTemplate": false,
    "count": 0,
    "lang": "en",
    "updated": 0
  },
  {
    "id": "0a07eaa6-e49a-49a6-bc46-1e0d77509cd0",
    "data": [
      {
        "text": "book a table",
        "userDefined": false
      }
    ],
    "isTemplate": false,
    "count": 0,
    "lang": "en",
    "updated": 0
  }
]