[
  {
    "id": "27701d0a-8344-4c5c-9364-a3f54ba71409",
    "data": [
      {
        "text": "I want ",
        "userDefined": false
      },
      {
        "text": "chicken",
        "meta": "@food_list",
        "alias": "food_list",
        "userDefined": false
      }
    ],
    "isTemplate": false,
    "count": 0,
    "lang": "en",
    "updated": 0
  },
  {
    "id": "6a0cc1ee-d7fb-42ed-b5e8-a17f2f6d64d8",
    "data": [
      {
        "text": "I want ",
        "userDefined": false
      },
      {
        "text": "steak",
        "meta": "@food_list",
        "alias": "food_list",
        "userDefined": false
      }
    ],
    "isTemplate": false,
    "count": 0,
    "lang": "en",
    "updated": 0
  },
  {
    "id": "d7be3487-a906-42ef-a42b-e2d25c3b2216",
    "data": [
      {
        "text": "I want ",
        "userDefined": false
      },
      {
        "text": "Rice",
        "meta": "@food_list",
        "alias": "food_list",
        "userDefined": false
      }
    ],
    "isTemplate": false,
    "count": 0,
    "lang": "en",
    "updated": 0
  }
]