[
  {
    "id": "5a0bb85b-dbad-4519-80d0-1a0ef5e2cb44",
    "data": [
      {
        "text": "I want food",
        "userDefined": false
      }
    ],
    "isTemplate": false,
    "count": 0,
    "lang": "en",
    "updated": 0
  },
  {
    "id": "b877bd19-016e-4189-b7b9-57cf7e88e080",
    "data": [
      {
        "text": "I want to order food",
        "userDefined": false
      }
    ],
    "isTemplate": false,
    "count": 0,
    "lang": "en",
    "updated": 0
  },
  {
    "id": "f33269f2-2790-4724-a509-66838f8cdc2a",
    "data": [
      {
        "text": "order food",
        "userDefined": false
      }
    ],
    "isTemplate": false,
    "count": 0,
    "lang": "en",
    "updated": 0
  }
]